
{
    "context":"In a recent press release, the company, through its spokesperson, has said that it will no longer",
    "top_p":0.9,
    "temp":0.5,
    "response_length":272,
    "remove_input":true
}


{
    "context":"Are you still struggling with content creation and writing?",
    "top_p":0.9,
    "temp":0.8,
    "response_length":128,
    "remove_input":true
}


{
    "context":"Are you still struggling with content creation and writing?",
    "top_p":0.9,
    "temp":0.8,
    "response_length":128,
    "remove_input":true
}



{
    "choices": [
      {
        "finish_reason": "length",
        "index": 0,
        "logprobs": {
          "text_offset": [
            0,
            5,
            10,
            18,
            19,
            20,
            21,
            24,
            27,
            31,
            37,
            41,
            46,
            55,
            60,
            68,
            78,
            83,
            87,
            95,
            96,
            97,
            102,
            105,
            107,
            117,
            120,
            127,
            132,
            138,
            142,
            147,
            155,
            159,
            166,
            172,
            173,
            179,
            180,
            181,
            182,
            183,
            186,
            189,
            191,
            197,
            201,
            205,
            213,
            216,
            222,
            228,
            236,
            240,
            244,
            250,
            251,
            252,
            261,
            265,
            270,
            275,
            284,
            287
          ],
          "tokens": [
            " with",
            " your",
            " friends",
            "bytes:'\\n'",
            "bytes:'\\n'",
            "O",
            "tta",
            " is",
            " the",
            " first",
            " and",
            " only",
            " platform",
            " that",
            " matches",
            " companies",
            " with",
            " job",
            " seekers",
            ",",
            "bytes:'\\n'",
            "creat",
            "ing",
            " a",
            " community",
            " of",
            " people",
            " that",
            " share",
            " the",
            " same",
            " passion",
            " for",
            " hiring",
            " great",
            "bytes:'\\n'",
            "people",
            ".",
            "bytes:'\\n'",
            "bytes:'\\n'",
            "O",
            "tta",
            " is",
            " a",
            " place",
            " for",
            " job",
            " seekers",
            " to",
            " share",
            " their",
            " profile",
            " and",
            " get",
            " hired",
            ".",
            "bytes:'\\n'",
            "Companies",
            " can",
            " hire",
            " from",
            " anywhere",
            " in",
            " the"
          ]
        },
        "text": " with your friends\n\nOtta is the first and only platform that matches companies with job seekers,\ncreating a community of people that share the same passion for hiring great\npeople.\n\nOtta is a place for job seekers to share their profile and get hired.\nCompanies can hire from anywhere in the",
        "token_index": 0
      }
    ],
    "created": 1666683550,
    "id": "c9c94461-b369-4510-9589-eb28a0c95768",
    "model": "gpt-j-6b",
    "object": "text_completion"
  }